root_barrier,mean,range_lower,range_upper,median,sd,n
N,11.94201725770043,0.25,75,10,9.029538218211012,137330
Y,4.382551889884204,0.5,54.5,3,2.7450905411051756,9154
